<?xml version="1.0" encoding="UTF-8" ?>
<!DOCTYPE mapper
  PUBLIC "-//mybatis.org//DTD Mapper 3.0//EN"
  "https://mybatis.org/dtd/mybatis-3-mapper.dtd">
<mapper namespace="org.zerock.mapper.BoardMapper">

  <select id="read" resultType="org.zerock.domain.BoardVO">
    select * from tbl_board where bno = #{bno}
  </select>
  
  <select id="getList" resultType="org.zerock.domain.BoardVO">
  	select * from tbl_board where bno > 0 order by bno asc
  </select>
  
  <insert id="insert">
  	insert into tbl_board(bno, title, content, writer) 
  	values(seq_board.nextval, #{title}, #{content}, #{writer})
  </insert>
  
  <insert id="insertSelectKey"> 
  <!-- 몇번증가하는지 bno를 통해 알수있음 seq_board.nextval여기서 숫자를 읽어서 bno에 넣어줌 -->
	<selectKey keyProperty="bno" order="BEFORE" resultType="long">
		select seq_board.nextval from dual
	</selectKey>  

  	insert into tbl_board(bno, title, content, writer) 
  	values(#{bno}, #{title}, #{content}, #{writer})
  </insert>
	
	<delete id="delete">
	 	delete from tbl_board where bno = #{bno}	
	</delete>
	
	<update id="update">
		update tbl_board set 
		title = #{title},
		content = #{content},
		writer = #{writer},
		updatedate = sysdate <!-- db에 있는거 쓰는거라서 updatedate -->
		where bno = #{bno}
	</update>
	
	
	<select id="getListWithPaging" resultType="org.zerock.domain.BoardVO">
		
	 <![CDATA[
		select bno, title, content, writer, regdate, updatedate
		from(
			select /*+ index_desc(tbl_board pk_board)*/
			rownum rn, bno, title, content, writer, regdate, updatedate
			from tbl_board
			where rownum <= #{pageNum} * #{amount}
		)
		where rn > (#{pageNum}-1) * #{amount}
	 ]]>
	</select>
</mapper>












